{
  "app": "HilosDelAgua",
  "data": {
    "comic-bubble-fontsizes": {
      "c2-p1-d0": 16,
      "c2-p3-d0": 10,
      "c2-p3-d1": 10,
      "c2-p4-d0": 13,
      "c2-p4-d1": 20,
      "e2-p1-ucmpjcti8m": 25,
      "e2-p1-ucmpjcvvey": 22,
      "e2-p1-ucmpjcwcz5": 26,
      "e2-p1-ucmpjd8uxx": 25,
      "e2-p1-umpjd81ut": 18,
      "e2-p2-ucmpjcy8o1": 22,
      "e2-p2-ucmpjcyngn": 22,
      "e2-p2-umpjd2eiz": 18,
      "e2-p2-umpjd5i4p": 10,
      "e2-p2-umpjd5x2n": 22,
      "e2-p3-ucmpjdcn3t": 26,
      "e2-p3-ucmpjdguit": 25,
      "e2-p3-ucmpjdytg7": 25
    },
    "comic-bubble-positions": {
      "c2-p1-d0": {
        "x": 9.990056818181818,
        "y": 68.125
      },
      "c2-p1-narration": {
        "x": 49.60511363636363,
        "y": 12.775
      },
      "c2-p2-d0": {
        "x": 69.49289772727273,
        "y": 24.9
      },
      "c2-p2-narration": {
        "x": 47.33380681818182,
        "y": 89.75227272727273
      },
      "c2-p3-d0": {
        "x": 77.72443181818181,
        "y": 39.461363636363636
      },
      "c2-p3-d1": {
        "x": 16.350852272727273,
        "y": 63.06136363636363
      },
      "c2-p3-narration": {
        "x": 48.640625,
        "y": 96.39545454545456
      },
      "c2-p4-d0": {
        "x": 85,
        "y": 15
      },
      "c2-p4-d1": {
        "x": 27.52414772727273,
        "y": 54.154545454545456
      },
      "c2-p4-narration": {
        "x": 47.92329545454545,
        "y": 94.27499999999999
      },
      "c2-p5-d0": {
        "x": 24.284090909090907,
        "y": 49.52045454545455
      },
      "c2-p5-d1": {
        "x": 85.37642045454545,
        "y": 52.847727272727276
      },
      "c2-p5-narration": {
        "x": 49.15056818181818,
        "y": 91.96363636363635
      },
      "e2-p1-d0": {
        "x": 28.033447265625,
        "y": 28.059895833333332
      },
      "e2-p1-narration": {
        "x": 10.062255859375,
        "y": 84.90234375
      },
      "e2-p2-d0": {
        "x": 50,
        "y": 45.013020833333336
      },
      "e2-p3-d0": {
        "x": 71.96533203125,
        "y": 71.93793402777777
      }
    },
    "comic-bubble-sizes": {
      "c2-p3-d0": {
        "h": 94,
        "w": 87
      },
      "c2-p3-d1": {
        "h": 60,
        "w": 78
      },
      "c2-p4-d0": {
        "h": 126,
        "w": 117
      },
      "c2-p4-d1": {
        "h": 133,
        "w": 127
      },
      "e2-p1-ucmpjcti8m": {
        "h": 57,
        "w": 318
      },
      "e2-p1-ucmpjcvvey": {
        "h": 57,
        "w": 532
      },
      "e2-p1-ucmpjcwcz5": {
        "h": 78,
        "w": 535
      },
      "e2-p1-ucmpjd8uxx": {
        "h": 77,
        "w": 529
      },
      "e2-p1-umpjd81ut": {
        "h": 60,
        "w": 236
      },
      "e2-p2-ucmpjcy8o1": {
        "h": 57,
        "w": 224
      },
      "e2-p2-ucmpjcyngn": {
        "h": 96,
        "w": 350
      },
      "e2-p2-umpjd2eiz": {
        "h": 74,
        "w": 187
      },
      "e2-p2-umpjd5i4p": {
        "h": 60,
        "w": 170
      },
      "e2-p2-umpjd5x2n": {
        "h": 55,
        "w": 132
      }
    },
    "comic-bubble-timing": {
      "e2-p1-ucmpjcti8m": {
        "sequence": 1
      },
      "e2-p1-ucmpjcwcz5": {
        "sequence": 1
      },
      "e2-p1-ucmpjd8uxx": {
        "sequence": 1
      },
      "e2-p1-umpjclwed": {
        "sequence": 2
      },
      "e2-p1-umpjcxl48": {
        "sequence": 4
      },
      "e2-p1-umpjd81ut": {
        "sequence": 3
      },
      "e2-p2-ucmpjcyngn": {
        "sequence": 1
      },
      "e2-p2-ucmpjd0452": {
        "sequence": 2
      },
      "e2-p2-umpjd2eiz": {
        "sequence": 4
      },
      "e2-p2-umpjd4f75": {
        "sequence": 3
      },
      "e2-p3-ucmpjdcn3t": {
        "sequence": 1
      },
      "e2-p3-ucmpjdguit": {
        "sequence": 1
      },
      "e2-p3-ucmpjdytg7": {
        "sequence": 1
      },
      "e2-p3-umpjde8vr": {
        "sequence": 2
      },
      "e2-p3-umpjdff2l": {
        "sequence": 3
      }
    },
    "comic-character-sizes": {
      "e2-p1-char-mpivhkib": {
        "h": 399,
        "w": 876
      },
      "e2-p1-char-mpivi2q0": {
        "h": 394,
        "w": 865
      },
      "e2-p2-char-mpivzdqj": {
        "h": 198,
        "w": 436
      },
      "e2-p2-char-mpiw0ase": {
        "h": 60,
        "w": 60
      },
      "e2-p2-char-mpiw0ggu": {
        "h": 155,
        "w": 509
      },
      "e2-p3-char-mpix8b9k": {
        "h": 440,
        "w": 966
      },
      "e2-p3-char-mpix8zqc": {
        "h": 241,
        "w": 793
      }
    },
    "comic-deleted-bubbles": [
      "e2-p1-narration",
      "e2-p1-d0",
      "e2-p2-d0",
      "e2-p3-d0"
    ],
    "comic-panel-order": [
      "e2-p1",
      "e2-p2",
      "e2-p3"
    ],
    "comic-user-backgrounds": {
      "e2-p1": "assets/uploads/d6938aa72d6f1d72.png",
      "e2-p2": "assets/uploads/e2fe20712b39c8ea.png",
      "e2-p3": "assets/uploads/db90a949f1b02c19.png"
    },
    "comic-user-bubbles": {
      "e2-p1": [
        {
          "id": "e2-p1-umpjclwed",
          "position": "bottom-left",
          "speaker": "narrator",
          "text": "Wooooh, whoooh...",
          "type": "speech",
          "x": 58.9630126953125,
          "y": 20.128038194444446
        },
        {
          "id": "e2-p1-umpjcxl48",
          "position": "bottom-left",
          "speaker": "narrator",
          "text": "Guau Guau :D",
          "type": "speech",
          "x": 35.406494140625,
          "y": 28.968641493055557
        },
        {
          "id": "e2-p1-umpjd81ut",
          "position": "bottom-left",
          "speaker": "narrator",
          "text": "¿Qué aventura nos esperará?",
          "type": "speech",
          "x": 80.3741455078125,
          "y": 17.222764756944446
        },
        {
          "id": "e2-p1-ucmpjd8uxx",
          "position": "bottom-center",
          "speaker": "narrator",
          "text": "Nico extendió la mano… y la gota nos invitó a entrar.",
          "type": "narration",
          "width": 80,
          "x": 23.43994140625,
          "y": 7.879774305555555
        }
      ],
      "e2-p2": [
        {
          "id": "e2-p2-ucmpjcyngn",
          "position": "bottom-center",
          "speaker": "narrator",
          "text": "Y entonces… volamos",
          "type": "narration",
          "width": 80,
          "x": 50.350341796875,
          "y": 7.549913194444445
        },
        {
          "id": "e2-p2-ucmpjd0452",
          "position": "bottom-center",
          "speaker": "narrator",
          "text": "No hacia adelante. Hacia adentro.\nAl alrededor flotaban recuerdos:\nuna abuela lavando ropa en un río limpio,\nun niño bebiendo de una totuma,\nuna nube reventando sobre los Farallones,\nun pez plateado saltando.",
          "type": "narration",
          "width": 80,
          "x": 48.2391357421875,
          "y": 91.24348958333334
        },
        {
          "id": "e2-p2-umpjd2eiz",
          "position": "bottom-left",
          "speaker": "narrator",
          "text": "Lo entiendo, el agua se acuerda de todo.",
          "type": "thought",
          "x": 59.942626953125,
          "y": 36.8896484375
        },
        {
          "id": "e2-p2-umpjd4f75",
          "position": "bottom-left",
          "speaker": "narrator",
          "text": "Bongo, Cada gota… tiene memoria de dónde estuvo.",
          "type": "speech",
          "x": 18.42803955078125,
          "y": 25.80837673611111
        },
        {
          "id": "e2-p2-umpjd5x2n",
          "position": "bottom-left",
          "speaker": "narrator",
          "text": "Guau Guau",
          "type": "speech",
          "x": 47.76763916015625,
          "y": 68.46245659722221
        }
      ],
      "e2-p3": [
        {
          "id": "e2-p3-umpjde8vr",
          "position": "bottom-left",
          "speaker": "narrator",
          "text": "Bongo, ¿sabes dónde caímos?",
          "type": "speech",
          "x": 25.9521484375,