{
  "app": "HilosDelAgua",
  "data": {
    "comic-bubble-fontsizes": {
      "e5-p1-umpk61bp1": 23,
      "e5-p1-umpk65yxm": 20,
      "e5-p1-umpk6c6mu": 18,
      "e5-up-19e58704777zeu-umpk5mpb4": 24
    },
    "comic-bubble-positions": {
      "e5-p1-d0": {
        "x": 28.0426025390625,
        "y": 28.076171875
      },
      "e5-p1-narration": {
        "x": 15.51513671875,
        "y": 85.96462673611111
      },
      "e5-p2-d0": {
        "x": 27.0416259765625,
        "y": 13.275824652777779
      },
      "e5-up-19e58704777zeu-d0": {
        "x": 72,
        "y": 72
      }
    },
    "comic-bubble-sizes": {
      "e5-p1-umpk61bp1": {
        "h": 74,
        "w": 1172
      },
      "e5-p1-umpk65yxm": {
        "h": 177,
        "w": 729
      },
      "e5-p1-umpk6c6mu": {
        "h": 69,
        "w": 842
      },
      "e5-up-19e58704777zeu-umpk5mpb4": {
        "h": 55,
        "w": 486
      }
    },
    "comic-bubble-text-overrides": {
      "e5-p1-d0": "Bongo… ella tiene hambre"
    },
    "comic-bubble-timing": {
      "e5-p1-umpk61bp1": {
        "sequence": 1
      },
      "e5-p1-umpk62q4l": {
        "sequence": 3
      },
      "e5-p1-umpk65yxm": {
        "sequence": 2
      },
      "e5-p1-umpk69ga2": {
        "sequence": 4
      },
      "e5-p1-umpk6c6mu": {
        "sequence": 2
      },
      "e5-p2-umpk6ev3a": {
        "sequence": 1
      },
      "e5-p2-umpk6frjz": {
        "sequence": 3
      },
      "e5-p2-umpk6i6m2": {
        "sequence": 2
      },
      "e5-up-19e58704777zeu-umpk5lyn3": {
        "sequence": 2
      },
      "e5-up-19e58704777zeu-umpk5mpb4": {
        "sequence": 1
      },
      "e5-up-19e58704777zeu-umpk5rbvn": {
        "sequence": 3
      },
      "e5-up-19e58704777zeu-umpk5sj5c": {
        "sequence": 4
      }
    },
    "comic-character-sizes": {
      "e5-p1-char-mpj90noa": {
        "h": 478,
        "w": 804
      },
      "e5-p1-char-mpj97s8a": {
        "h": 542,
        "w": 1191
      },
      "e5-p1-char-mpj9dfog": {
        "h": 307,
        "w": 675
      },
      "e5-p2-char-mpja9lbn": {
        "h": 471,
        "w": 794
      },
      "e5-p2-char-mpjagikv": {
        "h": 311,
        "w": 683
      },
      "e5-up-19e58704777zeu-char-mpj8jm7i": {
        "h": 155,
        "w": 510
      },
      "e5-up-19e58704777zeu-char-mpk21h0p": {
        "h": 287,
        "w": 631
      }
    },
    "comic-deleted-bubbles": [
      "e5-p1-narration",
      "e5-p1-d0",
      "e5-p2-d0"
    ],
    "comic-deleted-panels": [
      "e5-p3"
    ],
    "comic-extra-panels": {
      "5": [
        {
          "dialogues": [],
          "id": "e5-up-19e58704777zeu",
          "image": "",
          "narration": ""
        }
      ]
    },
    "comic-panel-order": [
      "e5-up-19e58704777zeu",
      "e5-p1",
      "e5-p2",
      "e5-p3"
    ],
    "comic-user-backgrounds": {
      "e5-p1": "assets/uploads/8e31600dc7df54e6.png",
      "e5-p2": "assets/uploads/189a78246e0347ee.png",
      "e5-p3": "assets/uploads/189a78246e0347ee.png",
      "e5-up-19e58704777zeu": "assets/uploads/09549488280c26e5.png"
    },
    "comic-user-bubbles": {
      "e5-p1": [
        {
          "id": "e5-p1-umpk61bp1",
          "position": "bottom-center",
          "speaker": "narrator",
          "text": "Íbamos caminando por ese laberinto al revés cuando la vimos. Estaba allí sentada, quietecita, como si fuera parte del mismo paisaje roto.",
          "type": "narration",
          "x": 49.21112060546875,
          "y": 88.59320746527779
        },
        {
          "id": "e5-p1-umpk62q4l",
          "position": "bottom-left",
          "speaker": "narrator",
          "text": "Bongo… ella tiene hambre",
          "type": "speech",
          "x": 33.7158203125,
          "y": 13.191731770833334
        },
        {
          "id": "e5-p1-umpk69ga2",
          "position": "bottom-left",
          "speaker": "narrator",
          "text": "Guau Guau",
          "type": "speech",
          "x": 20.7855224609375,
          "y": 48.53515625
        },
        {
          "id": "e5-p1-umpk6c6mu",
          "position": "bottom-left",
          "speaker": "narrator",
          "text": "Qué raro... mi olfato casi no la encuentra. Esta cachorra humana huele a viento... a casi nada. Cuando alguien come bien, se siente el olor a tierra y a fuego; pero ella huele a puro aire, como si se estuviera volviendo transparente.",
          "type": "thought",
          "x": 47.8546142578125,
          "y": 69.05381944444444
        }
      ],
      "e5-p2": [
        {
          "id": "e5-p2-umpk6ev3a",
          "position": "bottom-left",
          "speaker": "narrator",
          "text": "Toma... Guardé este hilo del campo para vos. Así la comida nunca más se va a olvidar de buscarte.",
          "type": "speech",
          "x": 52.83660888671875,
          "y": 22.51519097222222
        },
        {
          "id": "e5-p2-umpk6frjz",
          "position": "bottom-center",
          "speaker": "narrator",
          "text": "Ahí lo entendí. Los hilos rotos por la codicia sí podían volver a unirse. Solo hacía falta un corazón lo bastante limpio para amarrarlos otra vez, uno por uno.",
          "type": "narration",
          "x": 44.09332275390625,
          "y": 88.97569444444444
        },
        {
          "id": "e5-p2-umpk6i6m2",
          "position": "bottom-left",
          "speaker": "narrator",
          "text": "Gracias... Ya no tengo tanto miedo.",
          "type": "speech",
          "x": 62.225341796875,
          "y": 50.88975694444444
        }
      ],
      "e5-up-19e58704777zeu": [
        {
          "id": "e5-up-19e58704777zeu-umpk5lyn3",
          "position": "bottom-center",
          "speaker": "narrator",
          "text": "Llegamos a un parque que se parecía a uno de Cali… pero estaba al revés. Los árboles tenían las raíces en el cielo.",
          "type": "narration",
          "x": 43.231201171875,
          "y": 11.3037109375
        },
        {
          "id": "e5-up-19e58704777zeu-umpk5mpb4",
          "position": "bottom-center",
          "speaker": "narrator",
          "text": "Parque de los Poetas · 4:00 PM",
          "type": "narration",
          "x": 11.1541748046875,
          "y": 91.53374565972221
        },
        {
          "id": "e5-up-19e58704777zeu-umpk5rbvn",
          "position": "bottom-left",
          "speaker": "narrator",
          "text": "Este lugar se parece al parque donde jugamos siempre... pero todo está patas arriba. Se siente... raro",
          "type": "speech",
          "x": 56.59332275390625,
          "y": 48.23133680555556
        },
        {
          "id": "e5-up-19e58704777zeu-umpk5sj5c",
          "position": "bottom-left",
          "speaker": "narrator",
          "text": "Guau Guau :0",
          "type": "speech",
          "x": 57.0098876953125,
          "y": 87.10394965277779
        }
      ]
    },
    "comic-user-characters": [
      {
        "dataURL": "assets/uploads/cc09efc803e5c1ec.png",
        "height": 478,
        "id": "e5-p1-char-mpj90noa",
        "mediaType": "image",
        "name": "LUZ",
        "panelId": "e5-p1",
        "position": "center",
        "size": 804,
        "x": 50.29,
        "y": 40.36
      },
      {
        "dataURL": "assets/uploads/ac91ab39dba262e3.png",
        "height": 542,
        "id": "e5-p1-char-mpj97s8a",
        "mediaType": "image",
        "name": "NICO",
        "panelId": "e5-p1",
        "position": "center",
        "size": 1191,
        "x": 32.61,
        "y": 42
      },
      {
        "dataURL": "assets/uploads/baa99ed158dba48c.png",
        "height": 307,
        "id": "e5-p1-char-mpj9dfog",
        "mediaType": "image",
        "name": "BONGO",
        "panelId": "e5-p1",
        "position": "center",
        "size": 675,
        "x": 16.96,
        "y": 59.3
      },
      {
        "dataURL": "assets/uploads/ea0392d187e949d0.png",
        "height": 471,